App.java,edu.utexas.ece.moez.smallMaven.App,org.pitest.mutationtest.engine.gregor.mutators.MathMutator,add1,12,KILLED,edu.utexas.ece.moez.smallMaven.AppTest.testAdd_add1_kill2(edu.utexas.ece.moez.smallMaven.AppTest)
App.java,edu.utexas.ece.moez.smallMaven.App,org.pitest.mutationtest.engine.gregor.mutators.MathMutator,add1,12,KILLED,edu.utexas.ece.moez.smallMaven.AppTest.testAdd_add1_kill1(edu.utexas.ece.moez.smallMaven.AppTest)
App.java,edu.utexas.ece.moez.smallMaven.App,org.pitest.mutationtest.engine.gregor.mutators.ReturnValsMutator,add1,12,KILLED,edu.utexas.ece.moez.smallMaven.AppTest.testAdd_add1_kill2(edu.utexas.ece.moez.smallMaven.AppTest)
App.java,edu.utexas.ece.moez.smallMaven.App,org.pitest.mutationtest.engine.gregor.mutators.ReturnValsMutator,add1,12,KILLED,edu.utexas.ece.moez.smallMaven.AppTest.testAdd_add1_kill1(edu.utexas.ece.moez.smallMaven.AppTest)
App.java,edu.utexas.ece.moez.smallMaven.App,org.pitest.mutationtest.engine.gregor.mutators.MathMutator,add2,13,KILLED,edu.utexas.ece.moez.smallMaven.AppTest.testAdd_add2_kill(edu.utexas.ece.moez.smallMaven.AppTest)
App.java,edu.utexas.ece.moez.smallMaven.App,org.pitest.mutationtest.engine.gregor.mutators.ReturnValsMutator,add2,13,KILLED,edu.utexas.ece.moez.smallMaven.AppTest.testAdd_add2_kill(edu.utexas.ece.moez.smallMaven.AppTest)
App.java,edu.utexas.ece.moez.smallMaven.App,org.pitest.mutationtest.engine.gregor.mutators.MathMutator,add3,14,SURVIVED,none
App.java,edu.utexas.ece.moez.smallMaven.App,org.pitest.mutationtest.engine.gregor.mutators.ReturnValsMutator,add3,14,SURVIVED,none
App.java,edu.utexas.ece.moez.smallMaven.App,org.pitest.mutationtest.engine.gregor.mutators.MathMutator,add4,15,NO_COVERAGE,none
App.java,edu.utexas.ece.moez.smallMaven.App,org.pitest.mutationtest.engine.gregor.mutators.ReturnValsMutator,add4,15,NO_COVERAGE,none
App.java,edu.utexas.ece.moez.smallMaven.App,org.pitest.mutationtest.engine.gregor.mutators.ConditionalsBoundaryMutator,possibleInfiniteLoop,35,SURVIVED,none
App.java,edu.utexas.ece.moez.smallMaven.App,org.pitest.mutationtest.engine.gregor.mutators.NegateConditionalsMutator,possibleInfiniteLoop,35,TIMED_OUT,none
App.java,edu.utexas.ece.moez.smallMaven.App,org.pitest.mutationtest.engine.gregor.mutators.ConditionalsBoundaryMutator,possibleNullPointerEx,28,SURVIVED,none
App.java,edu.utexas.ece.moez.smallMaven.App,org.pitest.mutationtest.engine.gregor.mutators.NegateConditionalsMutator,possibleNullPointerEx,28,KILLED,edu.utexas.ece.moez.smallMaven.AppTest.testNoNullPtrException(edu.utexas.ece.moez.smallMaven.AppTest)
App.java,edu.utexas.ece.moez.smallMaven.App,org.pitest.mutationtest.engine.gregor.mutators.VoidMethodCallMutator,possibleNullPointerEx,29,NO_COVERAGE,none
App.java,edu.utexas.ece.moez.smallMaven.App,org.pitest.mutationtest.engine.gregor.mutators.ConditionalsBoundaryMutator,possibleStackOverFlow,19,SURVIVED,none
App.java,edu.utexas.ece.moez.smallMaven.App,org.pitest.mutationtest.engine.gregor.mutators.MathMutator,possibleStackOverFlow,21,NO_COVERAGE,none
App.java,edu.utexas.ece.moez.smallMaven.App,org.pitest.mutationtest.engine.gregor.mutators.NegateConditionalsMutator,possibleStackOverFlow,19,KILLED,edu.utexas.ece.moez.smallMaven.AppTest.testRecursion(edu.utexas.ece.moez.smallMaven.AppTest)
App.java,edu.utexas.ece.moez.smallMaven.App,org.pitest.mutationtest.engine.gregor.mutators.VoidMethodCallMutator,possibleStackOverFlow,21,NO_COVERAGE,none
